<?xml version="1.0" encoding="UTF-8"?>
<paad:tcga_bcr xsi:schemaLocation="http://tcga.nci/bcr/xml/clinical/paad/2.7 https://raw.githubusercontent.com/nchbcr/xsd/2.7/tcga.nci/bcr/xml/clinical/paad/2.7/TCGA_BCR.PAAD_Clinical.xsd" schemaVersion="2.7" xmlns:paad="http://tcga.nci/bcr/xml/clinical/paad/2.7" xmlns:xsi="http://www.w3.org/2001/XMLSchema-instance" xmlns:admin="http://tcga.nci/bcr/xml/administration/2.7" xmlns:shared="http://tcga.nci/bcr/xml/shared/2.7" xmlns:clin_shared="http://tcga.nci/bcr/xml/clinical/shared/2.7" xmlns:shared_stage="http://tcga.nci/bcr/xml/clinical/shared/stage/2.7" xmlns:paad_nte="http://tcga.nci/bcr/xml/clinical/paad/shared/new_tumor_event/2.7/1.0" xmlns:nte="http://tcga.nci/bcr/xml/clinical/shared/new_tumor_event/2.7" xmlns:follow_up_v1.0="http://tcga.nci/bcr/xml/clinical/paad/followup/2.7/4.4" xmlns:rx="http://tcga.nci/bcr/xml/clinical/pharmaceutical/2.7" xmlns:rad="http://tcga.nci/bcr/xml/clinical/radiation/2.7">
    <admin:admin>
        <admin:bcr xsd_ver="1.17">Nationwide Children's Hospital</admin:bcr>
        <admin:file_uuid xsd_ver="2.6">A0652B33-8257-436D-B7A2-23581517AA6A</admin:file_uuid>
        <admin:batch_number xsd_ver="1.17">424.46.0</admin:batch_number>
        <admin:project_code xsd_ver="2.7">TCGA</admin:project_code>
        <admin:disease_code xsd_ver="2.6">PAAD</admin:disease_code>
        <admin:day_of_dcc_upload xsd_ver="1.17">22</admin:day_of_dcc_upload>
        <admin:month_of_dcc_upload xsd_ver="1.17">12</admin:month_of_dcc_upload>
        <admin:year_of_dcc_upload xsd_ver="1.17">2016</admin:year_of_dcc_upload>
        <admin:patient_withdrawal>
            <admin:withdrawn>false</admin:withdrawn>
        </admin:patient_withdrawal>
        <admin:program xsi:nil="true" xsd_ver="2.7"/>
        <admin:dbgap_registration_code xsi:nil="true" xsd_ver="2.7"/>
    </admin:admin>
    <paad:patient>
        <admin:additional_studies/>
        <shared:tissue_source_site cde="" cde_ver="" xsd_ver="2.4" owner="TSS" procurement_status="Completed" restricted="false">2J</shared:tissue_source_site>
        <shared:patient_id cde="" cde_ver="" xsd_ver="2.4" owner="TSS" procurement_status="Completed" restricted="false">AAB4</shared:patient_id>
        <shared:bcr_patient_barcode preferred_name="" display_order="9999" cde="2003301" cde_ver="" xsd_ver="1.8" owner="TSS" procurement_status="Completed" restricted="false">TCGA-2J-AAB4</shared:bcr_patient_barcode>
        <shared:bcr_patient_uuid preferred_name="" display_order="9999" cde="" cde_ver="" xsd_ver="2.3" owner="TSS" procurement_status="Completed" restricted="false">33833131-1482-42D5-9CF5-01CADE540234</shared:bcr_patient_uuid>
        <clin_shared:informed_consent_verified preferred_name="patient_consent_status" display_order="76" cde="3288361" cde_ver="1.000" xsd_ver="2.4" tier="1" owner="TSS" procurement_status="Completed" restricted="false">YES</clin_shared:informed_consent_verified>
        <clin_shared:icd_o_3_site preferred_name="" display_order="9999" cde="3226281" cde_ver="" xsd_ver="2.4" tier="2" owner="TSS" procurement_status="Completed" restricted="false">C25.8</clin_shared:icd_o_3_site>
        <clin_shared:icd_o_3_histology preferred_name="" display_order="9999" cde="3226275" cde_ver="" xsd_ver="2.4" tier="2" owner="TSS" procurement_status="Completed" restricted="false">8140/3</clin_shared:icd_o_3_histology>
        <clin_shared:icd_10 preferred_name="" display_order="9999" cde="3226287" cde_ver="" xsd_ver="2.4" tier="2" owner="TSS" procurement_status="Completed" restricted="false">C25.8</clin_shared:icd_10>
        <clin_shared:tumor_tissue_site preferred_name="submitted_tumor_site" display_order="9999" cde="3427536" cde_ver="2.000" xsd_ver="2.6" tier="2" owner="TSS" procurement_status="Completed" restricted="false" source_system_identifier="3700432">Pancreas</clin_shared:tumor_tissue_site>
        <shared:adenocarcinoma_invasion preferred_name="invasive_adenocarcinoma_indicator" display_order="5" cde="3027106" cde_ver="1.000" xsd_ver="4.6" owner="TSS" procurement_status="Completed" restricted="false" source_system_identifier="3700433">YES</shared:adenocarcinoma_invasion>
        <shared:histological_type preferred_name="histologic_diagnosis" display_order="6" cde="3081934" cde_ver="3.000" xsd_ver="2.5" tier="1" owner="TSS" procurement_status="Completed" restricted="false" source_system_identifier="3700434">Pancreas-Adenocarcinoma-Other Subtype</shared:histological_type>
        <shared:histological_type_other preferred_name="histologic_diagnosis_other" display_order="7" cde="3124492" cde_ver="1.000" xsd_ver="2.5" tier="1" owner="TSS" procurement_status="Completed" restricted="false" source_system_identifier="3700435">invasive, well-differentiated</shared:histological_type_other>
        <paad:tumor_type preferred_name="tumor_sample_type" display_order="8" cde="3288124" cde_ver="1.000" xsd_ver="2.5" tier="2" owner="TSS" procurement_status="Completed" restricted="false" source_system_identifier="3700436">Primary</paad:tumor_type>
        <clin_shared:anatomic_neoplasm_subdivision preferred_name="anatomic_organ_subdivision" display_order="9999" cde="3108203" cde_ver="2.000" xsd_ver="2.6" tier="2" owner="TSS" procurement_status="Completed" restricted="false" source_system_identifier="3700437">Other (please specify)</clin_shared:anatomic_neoplasm_subdivision>
        <clin_shared:anatomic_neoplasm_subdivision_other preferred_name="site_of_primary_tumor_other" display_order="6" cde="2584114" cde_ver="1.000" xsd_ver="2.5" tier="1" owner="TSS" procurement_status="Completed" restricted="false" source_system_identifier="3700438">Body &amp; Tail of Pancreas</clin_shared:anatomic_neoplasm_subdivision_other>
        <clin_shared:tissue_prospective_collection_indicator preferred_name="prospective_collection" display_order="11" cde="3088492" cde_ver="1.000" xsd_ver="2.3" tier="2" owner="TSS" procurement_status="Completed" restricted="false" source_system_identifier="3700439">NO</clin_shared:tissue_prospective_collection_indicator>
        <clin_shared:tissue_retrospective_collection_indicator preferred_name="retrospective_collection" display_order="12" cde="3088528" cde_ver="1.000" xsd_ver="2.3" tier="2" owner="TSS" procurement_status="Completed" restricted="false" source_system_identifier="3700440">YES</clin_shared:tissue_retrospective_collection_indicator>
        <shared:gender preferred_name="gender" display_order="13" cde="2200604" cde_ver="3.000" xsd_ver="1.8" tier="1" owner="TSS" procurement_status="Completed" restricted="false" source_system_identifier="3700441">MALE</shared:gender>
        <clin_shared:days_to_birth precision="day" xsd_ver="1.12" tier="1" cde="3008233" owner="TSS" procurement_status="Completed" preferred_name="birth_days_to" display_order="17" cde_ver="1.000">-17794</clin_shared:days_to_birth>
        <clin_shared:race_list>
            <clin_shared:race preferred_name="race" display_order="18" cde="2192199" cde_ver="1.000" xsd_ver="1.8" tier="2" owner="TSS" procurement_status="Completed" restricted="false" source_system_identifier="3700446">WHITE</clin_shared:race>
        </clin_shared:race_list>
        <clin_shared:ethnicity preferred_name="ethnicity" display_order="19" cde="2192217" cde_ver="2.000" xsd_ver="1.9" tier="2" owner="TSS" procurement_status="Unknown" restricted="false" source_system_identifier="3700447"/>
        <shared:other_dx preferred_name="history_other_malignancy" display_order="20" cde="3382736" cde_ver="2.000" xsd_ver="2.5" tier="1" owner="TSS" procurement_status="Completed" restricted="false" source_system_identifier="3700448">No</shared:other_dx>
        <shared:history_of_neoadjuvant_treatment preferred_name="history_neoadjuvant_treatment" display_order="21" cde="3382737" cde_ver="1.000" xsd_ver="2.4" tier="1" owner="TSS" procurement_status="Completed" restricted="false" source_system_identifier="3700449">No</shared:history_of_neoadjuvant_treatment>
        <clin_shared:days_to_initial_pathologic_diagnosis precision="day" xsd_ver="1.12" tier="1" cde="3131740" owner="TSS" procurement_status="Completed" preferred_name="initial_pathologic_dx_days_to" display_order="9999" cde_ver="1.000">0</clin_shared:days_to_initial_pathologic_diagnosis>
        <clin_shared:age_at_initial_pathologic_diagnosis precision="day" xsd_ver="1.12" tier="1" cde="2006657" owner="TSS" procurement_status="Completed">48</clin_shared:age_at_initial_pathologic_diagnosis>
        <clin_shared:year_of_initial_pathologic_diagnosis preferred_name="initial_pathologic_dx_year" display_order="24" cde="2896960" cde_ver="1.000" xsd_ver="1.12" tier="1" owner="TSS" procurement_status="Completed" restricted="false" source_system_identifier="3700452">2012</clin_shared:year_of_initial_pathologic_diagnosis>
        <clin_shared:initial_pathologic_diagnosis_method preferred_name="method_initial_path_dx" display_order="25" cde="2757941" cde_ver="1.000" xsd_ver="2.5" tier="2" owner="TSS" procurement_status="Completed" restricted="false" source_system_identifier="3700453">Tumor resection</clin_shared:initial_pathologic_diagnosis_method>
        <clin_shared:init_pathology_dx_method_other preferred_name="method_initial_path_dx_other" display_order="26" cde="2757948" cde_ver="1.000" xsd_ver="2.5" tier="2" owner="TSS" procurement_status="Not Applicable" restricted="false" source_system_identifier="3700454" xsi:nil="true"/>
        <paad:surgery_performed_type preferred_name="surgical_procedure" display_order="27" cde="3121809" cde_ver="1.000" xsd_ver="2.5" tier="2" owner="TSS" procurement_status="Completed" restricted="false" source_system_identifier="3700455">Distal Pancreatectomy</paad:surgery_performed_type>
        <clin_shared:primary_lymph_node_presentation_assessment preferred_name="lymph_nodes_examined" display_order="29" cde="2200396" cde_ver="1.000" xsd_ver="2.5" tier="2" owner="TSS" procurement_status="Completed" restricted="false" source_system_identifier="3700457">YES</clin_shared:primary_lymph_node_presentation_assessment>
        <clin_shared:lymph_node_examined_count preferred_name="lymph_nodes_examined_count" display_order="30" cde="3" cde_ver="3.000" xsd_ver="2.5" tier="2" owner="TSS" procurement_status="Completed" restricted="false" source_system_identifier="3700458">34</clin_shared:lymph_node_examined_count>
        <clin_shared:number_of_lymphnodes_positive_by_he preferred_name="lymph_nodes_examined_he_count" display_order="31" cde="3086388" cde_ver="1.000" xsd_ver="2.5" tier="2" owner="TSS" procurement_status="Completed" restricted="false" source_system_identifier="3700459">0</clin_shared:number_of_lymphnodes_positive_by_he>
        <clin_shared:number_of_lymphnodes_positive_by_ihc preferred_name="lymph_nodes_examined_ihc_count" display_order="32" cde="3086383" cde_ver="1.000" xsd_ver="2.5" tier="2" owner="TSS" procurement_status="Completed" restricted="false" source_system_identifier="3700460">0</clin_shared:number_of_lymphnodes_positive_by_ihc>
        <shared:neoplasm_histologic_grade preferred_name="tumor_grade" display_order="33" cde="2785839" cde_ver="2.000" xsd_ver="2.5" tier="1" owner="TSS" procurement_status="Completed" restricted="false" source_system_identifier="3700461">G2</shared:neoplasm_histologic_grade>
        <paad:histologic_grading_tier_category preferred_name="grade_tier_system" display_order="34" cde="3385981" cde_ver="1.000" xsd_ver="2.5" tier="2" owner="TSS" procurement_status="Completed" restricted="false" source_system_identifier="3700462">Four Tier</paad:histologic_grading_tier_category>
        <shared:maximum_tumor_dimension preferred_name="tumor_resected_max_dimension" display_order="35" cde="64215" cde_ver="3.000" xsd_ver="2.6" tier="2" owner="TSS" procurement_status="Completed" restricted="false" source_system_identifier="3700463">6.8</shared:maximum_tumor_dimension>
        <clin_shared:residual_tumor preferred_name="residual_tumor" display_order="36" cde="2608702" cde_ver="2.000" xsd_ver="2.5" tier="2" owner="TSS" procurement_status="Completed" restricted="false" source_system_identifier="3700464">R0</clin_shared:residual_tumor>
        <shared_stage:stage_event system="AJCC">
            <shared_stage:system_version preferred_name="ajcc_staging_edition" display_order="37" cde="2722309" cde_ver="1.000" xsd_ver="2.6" tier="1" owner="TSS" procurement_status="Completed" restricted="false" source_system_identifier="3700465">7th</shared_stage:system_version>
            <shared_stage:clinical_stage preferred_name="ajcc_clinical_tumor_stage" display_order="9999" cde="3440332" cde_ver="1.000" xsd_ver="2.6" tier="2" owner="TSS" procurement_status="Not Applicable" restricted="false"/>
            <shared_stage:pathologic_stage preferred_name="ajcc_pathologic_tumor_stage" display_order="41" cde="3203222" cde_ver="1.000" xsd_ver="2.6" tier="2" owner="TSS" procurement_status="Completed" restricted="false" source_system_identifier="3700469">Stage IIB</shared_stage:pathologic_stage>
            <shared_stage:tnm_categories>
                <shared_stage:clinical_categories>
                    <shared_stage:clinical_T preferred_name="ajcc_tumor_clinical_ct" display_order="9999" cde="3440328" cde_ver="1.000" xsd_ver="2.6" tier="2" owner="TSS" procurement_status="Not Applicable" restricted="false"/>
                    <shared_stage:clinical_N preferred_name="ajcc_nodes_clinical_cn" display_order="9999" cde="3440330" cde_ver="1.000" xsd_ver="2.6" tier="2" owner="TSS" procurement_status="Not Applicable" restricted="false"/>
                    <shared_stage:clinical_M preferred_name="ajcc_metastasis_clinical_cm" display_order="9999" cde="3440331" cde_ver="1.000" xsd_ver="2.6" tier="2" owner="TSS" procurement_status="Not Applicable" restricted="false"/>
                </shared_stage:clinical_categories>
                <shared_stage:pathologic_categories>
                    <shared_stage:pathologic_T preferred_name="ajcc_tumor_pathologic_pt" display_order="38" cde="3045435" cde_ver="1.000" xsd_ver="2.6" tier="1" owner="TSS" procurement_status="Completed" restricted="false" source_system_identifier="3700466">T2</shared_stage:pathologic_T>
                    <shared_stage:pathologic_N preferred_name="ajcc_nodes_pathologic_pn" display_order="39" cde="3203106" cde_ver="1.000" xsd_ver="2.6" tier="2" owner="TSS" procurement_status="Completed" restricted="false" source_system_identifier="3700467">N1</shared_stage:pathologic_N>
                    <shared_stage:pathologic_M preferred_name="ajcc_metastasis_pathologic_pm" display_order="40" cde="3045439" cde_ver="1.000" xsd_ver="2.6" tier="1" owner="TSS" procurement_status="Completed" restricted="false" source_system_identifier="3700468">M0</shared_stage:pathologic_M>
                </shared_stage:pathologic_categories>
            </shared_stage:tnm_categories>
            <shared_stage:psa>
                <shared_stage:psa_value preferred_name="psa_most_recent_results" display_order="9999" cde="3351903" cde_ver="1.000" xsd_ver="2.6" tier="2" owner="TSS" procurement_status="Not Applicable" restricted="false"/>
                <shared_stage:days_to_psa precision="day" xsd_ver="2.6" tier="2" cde="3414608" owner="TSS" procurement_status="Not Applicable" preferred_name="days_to_psa_most_recent" display_order="9999" cde_ver="1.000"/>
            </shared_stage:psa>
            <shared_stage:gleason_grading>
                <shared_stage:gleason_score preferred_name="gleason_score" display_order="9999" cde="2534619" cde_ver="1.000" xsd_ver="2.6" tier="2" owner="TSS" procurement_status="Not Applicable" restricted="false"/>
                <shared_stage:primary_pattern preferred_name="gleason_pattern_primary" display_order="9999" cde="2534617" cde_ver="1.000" xsd_ver="2.6" tier="2" owner="TSS" procurement_status="Not Applicable" restricted="false"/>
                <shared_stage:secondary_pattern preferred_name="gleason_pattern_secondary" display_order="9999" cde="2534618" cde_ver="1.000" xsd_ver="2.6" tier="2" owner="TSS" procurement_status="Not Applicable" restricted="false"/>
                <shared_stage:tertiary_pattern preferred_name="gleason_pattern_tertiary" display_order="9999" cde="2783875" cde_ver="1.000" xsd_ver="2.6" tier="2" owner="TSS" procurement_status="Not Applicable" restricted="false"/>
            </shared_stage:gleason_grading>
            <shared_stage:ann_arbor>
                <shared_stage:b_symptoms preferred_name="b_symptoms_present_indicator" display_order="9999" cde="2902402" cde_ver="1.000" xsd_ver="2.6" tier="2" owner="TSS" procurement_status="Not Applicable" restricted="false"/>
                <shared_stage:extranodal_involvement preferred_name="extranodal_lymphomatous_involvement" display_order="9999" cde="3364582" cde_ver="1.000" xsd_ver="2.6" tier="2" owner="TSS" procurement_status="Not Applicable" restricted="false"/>
            </shared_stage:ann_arbor>
            <shared_stage:serum_markers preferred_name="" display_order="9999" cde="3901772" cde_ver="1.000" xsd_ver="2.6" tier="2" owner="TSS" procurement_status="Not Applicable" restricted="false"/>
            <shared_stage:igcccg_stage preferred_name="" display_order="9999" cde="3901822" cde_ver="1.000" xsd_ver="2.6" tier="2" owner="TSS" procurement_status="Not Applicable" restricted="false"/>
            <shared_stage:masaoka_stage preferred_name="" display_order="9999" cde="3952848" cde_ver="" xsd_ver="2.6" tier="2" owner="TSS" procurement_status="Not Applicable" restricted="false"/>
        </shared_stage:stage_event>
        <clin_shared:vital_status preferred_name="vital_status" display_order="42" cde="5" cde_ver="5.000" xsd_ver="2.6" tier="2" owner="TSS" procurement_status="Completed" restricted="false" source_system_identifier="3700470">Alive</clin_shared:vital_status>
        <clin_shared:days_to_last_followup precision="day" xsd_ver="1.12" tier="1" cde="3008273" owner="TSS" procurement_status="Completed" preferred_name="last_contact_days_to" display_order="46" cde_ver="1.000">729</clin_shared:days_to_last_followup>
        <clin_shared:days_to_death precision="day" xsd_ver="1.12" tier="1" cde="3165475" owner="TSS" procurement_status="Not Applicable" preferred_name="death_days_to" display_order="50" cde_ver="1.000"/>
        <clin_shared:person_neoplasm_cancer_status preferred_name="tumor_status" display_order="51" cde="2759550" cde_ver="1.000" xsd_ver="1.9" tier="2" owner="TSS" procurement_status="Completed" restricted="false" source_system_identifier="3700479">TUMOR FREE</clin_shared:person_neoplasm_cancer_status>
        <clin_shared:patient_death_reason preferred_name="cause_of_death" display_order="52" cde="2554674" cde_ver="2.000" xsd_ver="2.5" tier="2" owner="TSS" procurement_status="Not Available" restricted="false" source_system_identifier="3700480"/>
        <clin_shared:source_of_patient_death_reason preferred_name="cause_of_death_source" display_order="53" cde="2390921" cde_ver="1.000" xsd_ver="2.4" tier="2" owner="TSS" procurement_status="Not Available" restricted="false" source_system_identifier="3700481"/>
        <shared:tobacco_smoking_history preferred_name="tobacco_smoking_history_indicator" display_order="54" cde="2181650" cde_ver="1.000" xsd_ver="2.2" tier="2" owner="TSS" procurement_status="Completed" restricted="false" source_system_identifier="3700482">5</shared:tobacco_smoking_history>
        <clin_shared:year_of_tobacco_smoking_onset preferred_name="tobacco_smoking_year_started" display_order="55" cde="2228604" cde_ver="1.000" xsd_ver="2.2" tier="2" owner="TSS" procurement_status="Not Available" restricted="false" source_system_identifier="3700483"/>
        <clin_shared:stopped_smoking_year preferred_name="tobacco_smoking_year_stopped" display_order="56" cde="2228610" cde_ver="1.000" xsd_ver="2.5" tier="2" owner="TSS" procurement_status="Not Available" restricted="false" source_system_identifier="3700484"/>
        <clin_shared:number_pack_years_smoked preferred_name="tobacco_smoking_pack_years_smoked" display_order="57" cde="2955385" cde_ver="1.000" xsd_ver="2.5" tier="2" owner="TSS" procurement_status="Not Available" restricted="false" source_system_identifier="3700485"/>
        <clin_shared:alcohol_history_documented preferred_name="alcohol_history_documented" display_order="58" cde="2201918" cde_ver="1.000" xsd_ver="2.6" tier="2" owner="TSS" procurement_status="Completed" restricted="false" source_system_identifier="3700486">NO</clin_shared:alcohol_history_documented>
        <paad:alcoholic_exposure_category preferred_name="alcohol_exposure_intensity" display_order="59" cde="3457767" cde_ver="1.000" xsd_ver="2.5" tier="2" owner="TSS" procurement_status="Not Evaluated" restricted="false" source_system_identifier="3700487"/>
        <clin_shared:frequency_of_alcohol_consumption preferred_name="alcohol_consumption_frequency" display_order="60" cde="3114013" cde_ver="1.000" xsd_ver="2.6" tier="2" owner="TSS" procurement_status="Not Available" restricted="false" source_system_identifier="3700488"/>
        <clin_shared:amount_of_alcohol_consumption_per_day preferred_name="alcohol_consumption_per_day" display_order="61" cde="3124961" cde_ver="1.000" xsd_ver="2.6" tier="2" owner="TSS" procurement_status="Not Available" restricted="false" source_system_identifier="3700489"/>
        <paad:history_of_diabetes preferred_name="diabetes_diagnosis_indicator" display_order="62" cde="3197322" cde_ver="1.000" xsd_ver="2.5" tier="2" owner="TSS" procurement_status="Completed" restricted="false" source_system_identifier="3700490">NO</paad:history_of_diabetes>
        <paad:days_to_diabetes_onset precision="day" xsd_ver="2.5" tier="" cde="3457768" owner="TSS" procurement_status="Not Available" preferred_name="diabetes_diagnosis_days_to" display_order="66" cde_ver="1.000"/>
        <paad:history_of_chronic_pancreatitis preferred_name="history_chronic_pancreatitis" display_order="67" cde="3457760" cde_ver="1.000" xsd_ver="2.5" tier="2" owner="TSS" procurement_status="Completed" restricted="false" source_system_identifier="3700495">YES</paad:history_of_chronic_pancreatitis>
        <paad:days_to_pancreatitis_onset precision="day" xsd_ver="2.5" tier="" cde="3457771" owner="TSS" procurement_status="Completed" preferred_name="history_chronic_pancreatitis_days_to" display_order="71" cde_ver="1.000">-292</paad:days_to_pancreatitis_onset>
        <paad:family_history_of_cancer preferred_name="family_history_cancer_indicator" display_order="72" cde="2436860" cde_ver="1.000" xsd_ver="2.3" tier="2" owner="TSS" procurement_status="Unknown" restricted="false" source_system_identifier="3700500"/>
        <paad:relative_cancer_types>
            <paad:relative_cancer_type preferred_name="family_history_cancer_type" display_order="73" cde="3457764" cde_ver="1.000" xsd_ver="2.5" tier="2" owner="TSS" procurement_status="Not Available" restricted="false" source_system_identifier="3700501"/>
        </paad:relative_cancer_types>
        <clin_shared:radiation_therapy preferred_name="radiation_treatment_adjuvant" display_order="74" cde="2005312" cde_ver="4.000" xsd_ver="1.9" tier="1" owner="TSS" procurement_status="Completed" restricted="false" source_system_identifier="3741830">NO</clin_shared:radiation_therapy>
        <clin_shared:postoperative_rx_tx preferred_name="pharmaceutical_tx_adjuvant" display_order="75" cde="3397567" cde_ver="1.000" xsd_ver="2.5" tier="2" owner="TSS" procurement_status="Completed" restricted="false" source_system_identifier="3741831">YES</clin_shared:postoperative_rx_tx>
        <clin_shared:history_prior_surgery_type_other preferred_name="surgical_procedure_other" display_order="28" cde="3121814" cde_ver="1.000" xsd_ver="2.6" tier="2" owner="TSS" procurement_status="Not Applicable" restricted="false" source_system_identifier="3700456" xsi:nil="true"/>
        <clin_shared:primary_therapy_outcome_success preferred_name="treatment_outcome_first_course" display_order="76" cde="2786727" cde_ver="3.000" xsd_ver="2.5" tier="2" owner="TSS" procurement_status="Completed" restricted="false" source_system_identifier="3741832">Complete Remission/Response</clin_shared:primary_therapy_outcome_success>
        <paad_nte:new_tumor_events>
            <nte:new_tumor_event_after_initial_treatment preferred_name="new_tumor_event_dx_indicator" display_order="77" cde="3121376" cde_ver="1.000" xsd_ver="2.5" tier="1" owner="TSS" procurement_status="Completed" restricted="false" source_system_identifier="3741835">NO</nte:new_tumor_event_after_initial_treatment>
            <paad_nte:new_tumor_event>
                <nte:days_to_new_tumor_event_after_initial_treatment precision="day" xsd_ver="2.2" tier="1" cde="3392464" owner="TSS" procurement_status="Not Available" preferred_name="new_tumor_event_dx_days_to" display_order="81" cde_ver="1.000"/>
                <paad_nte:new_neoplasm_event_types>
                    <nte:new_neoplasm_event_type preferred_name="new_tumor_event_type" display_order="82" cde="3119721" cde_ver="1.000" xsd_ver="2.5" tier="2" owner="TSS" procurement_status="Not Available" restricted="false" source_system_identifier="3741840"/>
                </paad_nte:new_neoplasm_event_types>
                <nte:new_neoplasm_event_occurrence_anatomic_site preferred_name="new_tumor_event_site" display_order="83" cde="3108271" cde_ver="2.000" xsd_ver="2.5" tier="2" owner="TSS" procurement_status="Not Available" restricted="false" source_system_identifier="3741841"/>
                <nte:new_neoplasm_occurrence_anatomic_site_text preferred_name="new_tumor_event_site_other" display_order="84" cde="3128033" cde_ver="1.000" xsd_ver="2.5" tier="2" owner="TSS" procurement_status="Not Available" restricted="false" source_system_identifier="3741842"/>
                <paad_nte:progression_determined_by_list>
                    <nte:progression_determined_by preferred_name="new_tumor_event_dx_evidence" display_order="85" cde="2786205" cde_ver="1.000" xsd_ver="1.9" tier="2" owner="TSS" procurement_status="Not Available" restricted="false" source_system_identifier="3741843"/>
                </paad_nte:progression_determined_by_list>
                <nte:new_tumor_event_additional_surgery_procedure preferred_name="new_tumor_event_surgery" display_order="9999" cde="3427611" cde_ver="1.000" xsd_ver="2.5" tier="2" owner="TSS" procurement_status="Not Available" restricted="false" source_system_identifier="3741844"/>
                <nte:days_to_new_tumor_event_additional_surgery_procedure precision="day" xsd_ver="2.5" tier="2" cde="3008335" owner="TSS" procurement_status="Not Available" preferred_name="new_tumor_event_surgery_days_to" display_order="90" cde_ver="1.000"/>
                <nte:residual_disease_post_new_tumor_event_margin_status preferred_name="new_tumor_event_residual_tumor" display_order="91" cde="3008753" cde_ver="2.000" xsd_ver="2.3" tier="2" owner="TSS" procurement_status="Not Available" restricted="false" source_system_identifier="3741849"/>
                <nte:additional_radiation_therapy preferred_name="new_tumor_event_radiation_tx" display_order="92" cde="3427615" cde_ver="1.000" xsd_ver="2.5" tier="2" owner="TSS" procurement_status="Completed" restricted="false" source_system_identifier="3741850">NO</nte:additional_radiation_therapy>
                <nte:additional_pharmaceutical_therapy preferred_name="new_tumor_event_pharmaceutical_tx" display_order="93" cde="3427616" cde_ver="1.000" xsd_ver="2.5" tier="2" owner="TSS" procurement_status="Completed" restricted="false" source_system_identifier="3741851">NO</nte:additional_pharmaceutical_therapy>
            </paad_nte:new_tumor_event>
        </paad_nte:new_tumor_events>
        <clin_shared:day_of_form_completion preferred_name="form_completion_day" display_order="9999" cde="2975716" cde_ver="1.000" xsd_ver="2.2" tier="2" owner="TSS" procurement_status="Completed" restricted="false">16</clin_shared:day_of_form_completion>
        <clin_shared:month_of_form_completion preferred_name="form_completion_month" display_order="9999" cde="2975718" cde_ver="1.000" xsd_ver="2.2" tier="2" owner="TSS" procurement_status="Completed" restricted="false">7</clin_shared:month_of_form_completion>
        <clin_shared:year_of_form_completion preferred_name="form_completion_year" display_order="9999" cde="2975720" cde_ver="1.000" xsd_ver="2.2" tier="2" owner="TSS" procurement_status="Completed" restricted="false">2014</clin_shared:year_of_form_completion>
        <paad:follow_ups>
            <follow_up_v1.0:follow_up version="4.4" sequence="1">
                <clin_shared:bcr_followup_barcode preferred_name="" display_order="9999" cde="" cde_ver="" xsd_ver="2.5" owner="TSS" procurement_status="Completed" restricted="false">TCGA-2J-AAB4-F62444</clin_shared:bcr_followup_barcode>
                <clin_shared:bcr_followup_uuid preferred_name="" display_order="9999" cde="" cde_ver="" xsd_ver="2.5" owner="TSS" procurement_status="Completed" restricted="false">CE0B8128-82B9-4164-808F-1B4447134F54</clin_shared:bcr_followup_uuid>
                <clin_shared:followup_case_report_form_submission_reason preferred_name="followup_reason" display_order="4" cde="3233305" cde_ver="1.000" xsd_ver="2.5" tier="2" owner="TSS" procurement_status="Completed" restricted="false" source_system_identifier="3742568">Scheduled Follow-up Submission</clin_shared:followup_case_report_form_submission_reason>
                <clin_shared:lost_follow_up preferred_name="followup_lost_to" display_order="5" cde="61333" cde_ver="3.000" xsd_ver="2.5" tier="1" owner="TSS" procurement_status="Completed" restricted="false" source_system_identifier="3742569">NO</clin_shared:lost_follow_up>
                <clin_shared:radiation_therapy preferred_name="radiation_treatment_adjuvant" display_order="74" cde="2005312" cde_ver="4.000" xsd_ver="1.9" tier="1" owner="TSS" procurement_status="Completed" restricted="false" source_system_identifier="3742570">NO</clin_shared:radiation_therapy>
                <clin_shared:postoperative_rx_tx preferred_name="pharmaceutical_tx_adjuvant" display_order="75" cde="3397567" cde_ver="1.000" xsd_ver="2.5" tier="2" owner="TSS" procurement_status="Completed" restricted="false" source_system_identifier="3742571">YES</clin_shared:postoperative_rx_tx>
                <clin_shared:primary_therapy_outcome_success preferred_name="treatment_outcome_first_course" display_order="76" cde="2786727" cde_ver="3.000" xsd_ver="2.5" tier="2" owner="TSS" procurement_status="Completed" restricted="false" source_system_identifier="3742572">Complete Remission/Response</clin_shared:primary_therapy_outcome_success>
                <clin_shared:vital_status preferred_name="vital_status" display_order="42" cde="5" cde_ver="5.000" xsd_ver="2.6" tier="2" owner="TSS" procurement_status="Completed" restricted="false" source_system_identifier="3742573">Alive</clin_shared:vital_status>
                <clin_shared:days_to_last_followup precision="day" xsd_ver="1.12" tier="1" cde="3008273" owner="TSS" procurement_status="Completed" preferred_name="last_contact_days_to" display_order="46" cde_ver="1.000">729</clin_shared:days_to_last_followup>
                <clin_shared:days_to_death precision="day" xsd_ver="1.12" tier="1" cde="3165475" owner="TSS" procurement_status="Not Applicable" preferred_name="death_days_to" display_order="50" cde_ver="1.000"/>
                <clin_shared:person_neoplasm_cancer_status preferred_name="tumor_status" display_order="51" cde="2759550" cde_ver="1.000" xsd_ver="1.9" tier="2" owner="TSS" procurement_status="Completed" restricted="false" source_system_identifier="3742582">TUMOR FREE</clin_shared:person_neoplasm_cancer_status>
                <clin_shared:patient_death_reason preferred_name="cause_of_death" display_order="52" cde="2554674" cde_ver="2.000" xsd_ver="2.5" tier="2" owner="TSS" procurement_status="Not Available" restricted="false" source_system_identifier="3742583"/>
                <clin_shared:followup_treatment_success preferred_name="treatment_outcome_at_tcga_followup" display_order="37" cde="3104050" cde_ver="2.000" xsd_ver="2.5" tier="1" owner="TSS" procurement_status="Not Applicable" restricted="false" source_system_identifier="3742601" xsi:nil="true"/>
                <paad_nte:new_tumor_events>
                    <nte:new_tumor_event_after_initial_treatment preferred_name="new_tumor_event_dx_indicator" display_order="77" cde="3121376" cde_ver="1.000" xsd_ver="2.5" tier="1" owner="TSS" procurement_status="Completed" restricted="false" source_system_identifier="3742584">NO</nte:new_tumor_event_after_initial_treatment>
                    <paad_nte:new_tumor_event>
                        <nte:days_to_new_tumor_event_after_initial_treatment precision="day" xsd_ver="2.2" tier="1" cde="3392464" owner="TSS" procurement_status="Not Available" preferred_name="new_tumor_event_dx_days_to" display_order="81" cde_ver="1.000"/>
                        <paad_nte:new_neoplasm_event_types>
                            <nte:new_neoplasm_event_type preferred_name="new_tumor_event_type" display_order="82" cde="3119721" cde_ver="1.000" xsd_ver="2.5" tier="2" owner="TSS" procurement_status="Not Available" restricted="false" source_system_identifier="3742589"/>
                        </paad_nte:new_neoplasm_event_types>
                        <nte:new_neoplasm_event_occurrence_anatomic_site preferred_name="new_tumor_event_site" display_order="83" cde="3108271" cde_ver="2.000" xsd_ver="2.5" tier="2" owner="TSS" procurement_status="Not Available" restricted="false" source_system_identifier="3742590"/>
                        <nte:new_neoplasm_occurrence_anatomic_site_text preferred_name="new_tumor_event_site_other" display_order="84" cde="3128033" cde_ver="1.000" xsd_ver="2.5" tier="2" owner="TSS" procurement_status="Not Available" restricted="false" source_system_identifier="3742591"/>
                        <paad_nte:progression_determined_by_list>
                            <nte:progression_determined_by preferred_name="new_tumor_event_dx_evidence" display_order="85" cde="2786205" cde_ver="1.000" xsd_ver="1.9" tier="2" owner="TSS" procurement_status="Not Available" restricted="false" source_system_identifier="3742592"/>
                        </paad_nte:progression_determined_by_list>
                        <nte:new_tumor_event_additional_surgery_procedure preferred_name="new_tumor_event_surgery" display_order="9999" cde="3427611" cde_ver="1.000" xsd_ver="2.5" tier="2" owner="TSS" procurement_status="Not Available" restricted="false" source_system_identifier="3742593"/>
                        <nte:days_to_new_tumor_event_additional_surgery_procedure precision="day" xsd_ver="2.5" tier="2" cde="3008335" owner="TSS" procurement_status="Not Available" preferred_name="new_tumor_event_surgery_days_to" display_order="90" cde_ver="1.000"/>
                        <nte:residual_disease_post_new_tumor_event_margin_status preferred_name="new_tumor_event_residual_tumor" display_order="91" cde="3008753" cde_ver="2.000" xsd_ver="2.3" tier="2" owner="TSS" procurement_status="Not Available" restricted="false" source_system_identifier="3742598"/>
                        <nte:additional_radiation_therapy preferred_name="new_tumor_event_radiation_tx" display_order="92" cde="3427615" cde_ver="1.000" xsd_ver="2.5" tier="2" owner="TSS" procurement_status="Completed" restricted="false" source_system_identifier="3742599">NO</nte:additional_radiation_therapy>
                        <nte:additional_pharmaceutical_therapy preferred_name="new_tumor_event_pharmaceutical_tx" display_order="93" cde="3427616" cde_ver="1.000" xsd_ver="2.5" tier="2" owner="TSS" procurement_status="Completed" restricted="false" source_system_identifier="3742600">NO</nte:additional_pharmaceutical_therapy>
                    </paad_nte:new_tumor_event>
                </paad_nte:new_tumor_events>
                <clin_shared:day_of_form_completion preferred_name="form_completion_day" display_order="9999" cde="2975716" cde_ver="1.000" xsd_ver="2.2" tier="2" owner="TSS" procurement_status="Completed" restricted="false">16</clin_shared:day_of_form_completion>
                <clin_shared:month_of_form_completion preferred_name="form_completion_month" display_order="9999" cde="2975718" cde_ver="1.000" xsd_ver="2.2" tier="2" owner="TSS" procurement_status="Completed" restricted="false">7</clin_shared:month_of_form_completion>
                <clin_shared:year_of_form_completion preferred_name="form_completion_year" display_order="9999" cde="2975720" cde_ver="1.000" xsd_ver="2.2" tier="2" owner="TSS" procurement_status="Completed" restricted="false">2014</clin_shared:year_of_form_completion>
            </follow_up_v1.0:follow_up>
        </paad:follow_ups>
        <rx:drugs>
            <rx:drug>
                <rx:tx_on_clinical_trial preferred_name="" display_order="9999" cde="3925111" cde_ver="" xsd_ver="2.5" tier="2" owner="TSS" procurement_status="Completed" restricted="false" source_system_identifier="3780589">NO</rx:tx_on_clinical_trial>
                <rx:regimen_number preferred_name="" display_order="9999" cde="2744948" cde_ver="" xsd_ver="2.1" tier="2" owner="TSS" procurement_status="Not Available" restricted="false"/>
                <rx:bcr_drug_barcode xsd_ver="1.15" owner="TSS" procurement_status="Completed" restricted="false">TCGA-2J-AAB4-D63325</rx:bcr_drug_barcode>
                <rx:bcr_drug_uuid preferred_name="" display_order="9999" cde="" cde_ver="" xsd_ver="2.3" owner="TSS" procurement_status="Completed" restricted="false">4D62AB2E-EEF8-4771-AE49-8CA1C5504025</rx:bcr_drug_uuid>
                <rx:total_dose preferred_name="total_dose" display_order="9999" cde="1515" cde_ver="4.000" xsd_ver="2.1" tier="2" owner="TSS" procurement_status="Not Available" restricted="false"/>
                <rx:total_dose_units preferred_name="pharmaceutical_tx_total_dose_units" display_order="9999" cde="3088785" cde_ver="1.000" xsd_ver="2.1" tier="2" owner="TSS" procurement_status="Not Available" restricted="false"/>
                <rx:prescribed_dose preferred_name="prescribed_dose" display_order="9999" cde="2184728" cde_ver="1.000" xsd_ver="2.1" tier="2" owner="TSS" procurement_status="Not Available" restricted="false"/>
                <rx:prescribed_dose_units preferred_name="pharmaceutical_tx_dose_units" display_order="9999" cde="3065815" cde_ver="1.000" xsd_ver="2.1" tier="2" owner="TSS" procurement_status="Not Available" restricted="false"/>
                <rx:number_cycles preferred_name="pharma_adjuvant_cycles_count" display_order="9999" cde="62590" cde_ver="3.000" xsd_ver="1.8" tier="2" owner="TSS" procurement_status="Not Available" restricted="false"/>
                <rx:days_to_drug_therapy_start precision="day" xsd_ver="1.12" tier="2" cde="3392465" owner="TSS" procurement_status="Completed" preferred_name="pharmaceutical_tx_started_days_to" display_order="26" cde_ver="1.000">145</rx:days_to_drug_therapy_start>
                <rx:days_to_drug_therapy_end precision="day" xsd_ver="1.12" tier="2" cde="3392470" owner="TSS" procurement_status="Completed" preferred_name="pharmaceutical_tx_ended_days_to" display_order="16" cde_ver="1.000">187</rx:days_to_drug_therapy_end>
                <rx:therapy_types>
                    <rx:therapy_type preferred_name="pharmaceutical_therapy_type" display_order="7" cde="2793530" cde_ver="1.000" xsd_ver="2.1" tier="2" owner="TSS" procurement_status="Completed" restricted="false" source_system_identifier="3780592">Chemotherapy</rx:therapy_type>
                    <rx:therapy_type_notes preferred_name="pharma_type_other" display_order="9999" cde="2001762" cde_ver="4.000" xsd_ver="2.1" tier="" owner="TSS" procurement_status="Not Available" restricted="false"/>
                </rx:therapy_types>
                <rx:drug_name preferred_name="pharmaceutical_therapy_drug_name" display_order="22" cde="2975232" cde_ver="1.000" xsd_ver="1.10" tier="1" owner="TSS" procurement_status="Completed" restricted="false" source_system_identifier="3780590">Gemcitabine</rx:drug_name>
                <rx:clinical_trail_drug_classification preferred_name="clinical_trial_drug_classification" display_order="6" cde="3378323" cde_ver="1.000" xsd_ver="2.5" tier="2" owner="TSS" procurement_status="Not Available" restricted="false" source_system_identifier="3780591"/>
                <clin_shared:regimen_indication preferred_name="therapy_regimen" display_order="9999" cde="2793511" cde_ver="1.000" xsd_ver="1.12" tier="2" owner="TSS" procurement_status="Not Available" restricted="false"/>
                <clin_shared:regimen_indication_notes preferred_name="therapy_regimen_other" display_order="9999" cde="2793516" cde_ver="1.000" xsd_ver="1.12" tier="2" owner="TSS" procurement_status="Not Applicable" restricted="false"/>
                <rx:route_of_administrations>
                    <rx:route_of_administration preferred_name="route_of_administration" display_order="9999" cde="2003586" cde_ver="6.000" xsd_ver="2.3" tier="2" owner="TSS" procurement_status="Not Available" restricted="false"/>
                </rx:route_of_administrations>
                <rx:therapy_ongoing preferred_name="pharmaceutical_tx_ongoing_indicator" display_order="12" cde="3103479" cde_ver="1.000" xsd_ver="2.2" tier="2" owner="TSS" procurement_status="Completed" restricted="false" source_system_identifier="3780597">NO</rx:therapy_ongoing>
                <clin_shared:measure_of_response preferred_name="treatment_best_response" display_order="17" cde="2857291" cde_ver="1.000" xsd_ver="2.5" tier="2" owner="TSS" procurement_status="Unknown" restricted="false" source_system_identifier="3780602"/>
                <clin_shared:day_of_form_completion preferred_name="form_completion_day" display_order="9999" cde="2975716" cde_ver="1.000" xsd_ver="2.2" tier="2" owner="TSS" procurement_status="Completed" restricted="false">5</clin_shared:day_of_form_completion>
                <clin_shared:month_of_form_completion preferred_name="form_completion_month" display_order="9999" cde="2975718" cde_ver="1.000" xsd_ver="2.2" tier="2" owner="TSS" procurement_status="Completed" restricted="false">8</clin_shared:month_of_form_completion>
                <clin_shared:year_of_form_completion preferred_name="form_completion_year" display_order="9999" cde="2975720" cde_ver="1.000" xsd_ver="2.2" tier="2" owner="TSS" procurement_status="Completed" restricted="false">2014</clin_shared:year_of_form_completion>
            </rx:drug>
        </rx:drugs>
        <rad:radiations/>
    </paad:patient>
</paad:tcga_bcr>